RAZAOSOCIAL_REPRESENTANTES,CIDADE_CEP,ESTADO_CEP,PAIS_CEP,TIPO_REPRESENTANTES,Status_Ativacao,lat,lng
JLD TRANSPORTES,Formiga,Minas Gerais,Brasil,Lojista,ATIVADO,-204.666.117,-45.451.654
Race car,Itabuna,Bahia,Brasil,Lojista,ATIVADO,-147.955.866,-392.857.684
Schenato auto eletrica,Soledade,Rio Grande do Sul,Brasil,Lojista,ATIVADO,-288.150.907,-524.894.978
Carfabi Distribuidora Automotiva Ltda,Oliveira,Minas Gerais,Brasil,Distribuidor,ATIVADO,-206.988.637,-448.290.669
AUTOLUJOS ACACIAS,Acacias,Meta,Colombia,Lojista,ATIVADO,3.996.317,-737.635.289
Pondo Acessorios,Fortaleza,Ceará,Brasil,Lojista,ATIVADO,-37.463.645,-385.915.262
Cristiano leds automotivo,Petrolina,Pernambuco,Brasil,Lojista,ATIVADO,-93.611.669,-404.895.549
CASA DAS LANTERNAS (MATRIZ),Maceió,Alagoas,Brasil,Lojista,ATIVADO,-96.474.187,-357.338.853
CASA DAS LANTERNAS (FILIAL),Maceió,Alagoas,Brasil,Lojista,ATIVADO,-96.616.195,-357.229.221
CASA DAS PEÇAS,Arapiraca,Alagoas,Brasil,Lojista,ATIVADO,-97.604.868,-366.560.336
PEÇA.COM,Maceió,Alagoas,Brasil,Lojista,ATIVADO,-95.513.964,-357.347.123
REI DO LED,Maceió,Alagoas,Brasil,Lojista,ATIVADO,-95.737.706,-357.588.688
RL ACESSÓRIOS,Maceió,Alagoas,Brasil,Lojista,ATIVADO,-96.697.488,-357.514.806
VAREJÃO DOS PNEUS,Arapiraca,Alagoas,Brasil,Lojista,ATIVADO,-97.277.319,-3.667.886
EXTREME SOM,Feira de Santana,Bahia,Brasil,Lojista,ATIVADO,-122.818.435,-389.574.113
O COROA ACESSORIOS AUTOMOTIVOS,Camaçari,Bahia,Brasil,Lojista,ATIVADO,-126.933.006,-383.244.623
J. C. DISTRIBUIDORA,Feira de Santana,Bahia,Brasil,Distribuidor,ATIVADO,-122.605.904,-389.672.805
BOY SOM,Feira de Santana,Bahia,Brasil,Lojista,ATIVADO,-122.623.201,-389.630.643
COPECAVI,Feira de Santana,Bahia,Brasil,Lojista,ATIVADO,-122.364.998,-389.789.674
CENTRO PECAS,Araxá,Minas Gerais,Brasil,Lojista,ATIVADO,-195.984.493,-469.298.232
CENTRO PIONNER,Araxá,Minas Gerais,Brasil,Lojista,ATIVADO,-195.984.493,-469.298.232
EKIP CAR ACESSORIOS,Araxá,Minas Gerais,Brasil,Lojista,ATIVADO,-195.942.375,-46.940.885
FABRICIO INSULFILMES,Araxá,Minas Gerais,Brasil,Lojista,ATIVADO,-195.919.596,-469.475.218
LUCAS SOM,Araxá,Minas Gerais,Brasil,Lojista,ATIVADO,-195.636.577,-469.635.661
MR MOTO PECAS,Araxá,Minas Gerais,Brasil,Lojista,ATIVADO,-196.051.868,-469.428.844
ARTEC REFRIGERAÇAO DE ACESSORIOS AUTOMOTIVOS,Araxá,Minas Gerais,Brasil,Lojista,ATIVADO,-195.919.596,-469.475.218
AUTO CENTER,Jaraguá,Goiás,Brasil,Lojista,ATIVADO,-157.741.848,-493.132.164
GABRIEL AUTO CENTER,Barretos,São Paulo,Brasil,Lojista,ATIVADO,-20.537.024,-485.643.524
SMILLER AUTO ELETRICA,Cataguases,Minas Gerais,Brasil,Lojista,ATIVADO,-213.873.607,-426.912.337
TRIAULTO PECAS LTDA,Cataguases,Minas Gerais,Brasil,Lojista,ATIVADO,-213.806.797,-426.936.276
ELETRICA SCOPEL LTDA,Cristalina,Goiás,Brasil,Lojista,ATIVADO,-165.390.534,-477.978.737
Bezerra Auto Peças,Juazeiro,Bahia,Brasil,Lojista,ATIVADO,-94.213.086,-405.298.325
NORPEÇAS,Teresina,Piauí,Brasil,Lojista,ATIVADO,-51.194.745,-428.029.907
THE BEST PARTS,Salvador,Bahia,Brasil,Lojista,ATIVADO,-129.132.809,-384.314.304
CENTRAL MOTOCAR,Valente,Bahia,Brasil,Lojista,ATIVADO,-114.125.327,-394.655.792
BALDO E CIA,Eunápolis,Bahia,Brasil,Lojista,ATIVADO,-163.725.273,-39.580.817
DISMEC,Feira de Santana,Bahia,Brasil,Lojista,ATIVADO,-122.465.393,-389.693.814
GEFPEL,Feira de Santana,Bahia,Brasil,Lojista,ATIVADO,-12.266.778,-389.837.071
N.F ACESSORIOS,Salvador,Bahia,Brasil,Lojista,ATIVADO,-129.329.696,-384.824.644
DAITAR,Brumado,Bahia,Brasil,Lojista,ATIVADO,-142.016.153,-416.628.693
POLISOM,Vitória da Conquista,Bahia,Brasil,Lojista,ATIVADO,-148.561.356,-408.520.553
QUALIT SOM,Irecê,Bahia,Brasil,Lojista,ATIVADO,-112.913.105,-418.407.181
DECAUTO PECAS,Porto Seguro,Bahia,Brasil,Lojista,ATIVADO,-165.965.542,-39.101.522
Auto Truck's Colombia,Villavicencio,Meta,Colombia,Lojista,ATIVADO,41.554.837,-736.286.661
Sonidos y Lujos PNB,Sogamoso,Boyacá,Colombia,Lojista,ATIVADO,57.171.433,-729.371.358
DISTAC AUTOMOTIVE,Petrolina,Pernambuco,Brasil,Lojista,ATIVADO,-9.380.291,-405.098.513
TOP DISTRIBUIDORA,Petrolina,Pernambuco,Brasil,Distribuidor,ATIVADO,-93.927.454,-405.147.353
MEYRELLE SOUND AUDIO E VIDEO LTDA,Picos,Piauí,Brasil,Lojista,ATIVADO,-70.818.115,-414.627.921
Tolima shop Promociones - Vladímir avila,Ibagué,Tolima,Colombia,Lojista,ATIVADO,43.952.116,-751.448.178
IRMAOS FADINI SERVIÇOS MECANICOS LTDA EPP,Eunápolis,Bahia,Brasil,Lojista,ATIVADO,-163.539.638,-395.798.432
CATARINE DIESEL,Muriaé,Minas Gerais,Brasil,Lojista,ATIVADO,-211.268.334,-423.778.318
ASSIS AUTO PEÇAS LTDA,Feira de Santana,Bahia,Brasil,Lojista,ATIVADO,-122.645.806,-389.685.373
GR DISTRIBUIDORA AUTOMOTIVA,Jequié,Bahia,Brasil,Distribuidor,ATIVADO,-138.646.704,-400.701.861
WN ACESSORIOS AUTOMOTIVOS LTDA,Feira de Santana,Bahia,Brasil,Lojista,ATIVADO,-122.573.388,-389.641.684
Paraguai acessórios automotivos,Brasília,Distrito Federal,Brasil,Lojista,ATIVADO,-158.367.576,-480.613.026
REX AUTO PEÇAS,Fortaleza,Ceará,Brasil,Lojista,ATIVADO,-37.553.138,-385.167.409
Auto elétrica Nascimento,Palmas de Monte Alto,Bahia,Brasil,Lojista,ATIVADO,-142.501.669,-431.686.012
Carmastter auto center,Castanhal,Pará,Brasil,Lojista,ATIVADO,-12.849.491,-479.251.375
Performance Car,Ilhéus,Bahia,Brasil,Lojista,ATIVADO,-147.905.257,-390.414.745
RC IMPORT CAR,Feira de Santana,Bahia,Brasil,Lojista,ATIVADO,-122.402.821,-389.711.441
ADI PROJETOS E MONTAGEM DE SOM PROFISSIONAL,Feira de Santana,Bahia,Brasil,Lojista,ATIVADO,-122.694.643,-389.626.058
Elite parts performance,Mossoró,Rio Grande do Norte,Brasil,Lojista,ATIVADO,-52.180.344,-373.412.308
Lucas film,Congonhas,Minas Gerais,Brasil,Lojista,ATIVADO,-205.057.007,-43.865.418
JJ AUTO CENTER,Quirinópolis,Goiás,Brasil,Lojista,ATIVADO,-184.381.368,-504.406.906
4E Equipamentos para Caminhões,Goiânia,Goiás,Brasil,Lojista,ATIVADO,-166.316.178,-492.780.479
24Horas Baterias,Feira de Santana,Bahia,Brasil,Lojista,ATIVADO,-122.364.998,-389.789.674
DCS Acessórios para Caminhões,Feira de Santana,Bahia,Brasil,Lojista,ATIVADO,-12.286.383,-389.569.032
RAFAEL CALDEIRA,Contagem,Minas Gerais,Brasil,Lojista,ATIVADO,-198.863.963,-440.273.364
50.644.377 FELIPE SANTIAGO LIMA,Serrinha,Bahia,Brasil,Lojista,ATIVADO,-116.820.366,-389.975.897
PIT BULL SOM ELECTRONICS EIRELI,Pilar,Alagoas,Brasil,Lojista,ATIVADO,-95.935.723,-359.521.618
Veda lonas,Brumado,Bahia,Brasil,Lojista,ATIVADO,-142.171.475,-416.836.418
SpeedCar,Aracaju,Sergipe,Brasil,Lojista,ATIVADO,-109.019.312,-370.631.389
Veda lonas,Brumado,Bahia,Brasil,Lojista,ATIVADO,-142.171.475,-416.836.418
CSR PARTS LTDA,Santo André,São Paulo,Brasil,Lojista,ATIVADO,-236.220.775,-465.265.703
Parada Estetcar,Pouso Redondo,Santa Catarina,Brasil,Lojista,ATIVADO,-27.261.346,-499.324.536
Tom auto elétrica,Mucuri,Bahia,Brasil,Lojista,ATIVADO,-18.014.046,-398.619.782
SCHUTZ FILM SOLUCOES AUTOMOTIVAS E RESIDENCIAIS LTDA,Fortaleza,Ceará,Brasil,Lojista,ATIVADO,-37.373.884,-385.127.866
Shineclean Prime,São Luís,Maranhão,Brasil,Lojista,ATIVADO,-25.599.357,-442.318.578
TOM PEÇAS E SERVIÇOS LTDA,Maceió,Alagoas,Brasil,Lojista,ATIVADO,-95.724.261,-357.512.349
Garage Auto Audio,Venda Nova do Imigrante,Espírito Santo,Brasil,Lojista,ATIVADO,-203.282.346,-411.297.808
ElectroAires Cuellar,Villavicencio,Meta,Colombia,Lojista,ATIVADO,41.455.948,-736.308.824
TOM PEÇAS E SERVIÇOS LTDA,Maceió,Alagoas,Brasil,Lojista,ATIVADO,-95.724.261,-357.512.349
Matheus som,Candeal,Bahia,Brasil,Lojista,ATIVADO,-129.927.739,-384.839.343
Comercializadora Y Distribuidora Valu SAS,Villavicencio,Meta,Colombia,Distribuidor,ATIVADO,41.554.837,-736.286.661
surdinas ma ltda,Canoas,Rio Grande do Sul,Brasil,Lojista,ATIVADO,-299.257.336,-511.831.143
Trato na caranga acessórios automotivos,Brasília,Distrito Federal,Brasil,Lojista,ATIVADO,-158.304.022,-479.774.563
V2A AUTO PEÇAS LTDA,Timbó,Santa Catarina,Brasil,Lojista,ATIVADO,-268.323.327,-492.608.792
PORTAL IND E COM  PORTAS E COMPONENTES DE ALUMINIO EIRELI,Mirassol,São Paulo,Brasil,Lojista,ATIVADO,-208.035.307,-494.869.685
André auto film,Sacramento,Minas Gerais,Brasil,Lojista,ATIVADO,-198.739.574,-474.421.946
Rafael tech,Candeias,Bahia,Brasil,Lojista,ATIVADO,-126.693.806,-385.406.462
E F MACEDO,Goiânia,Goiás,Brasil,Distribuidor,ATIVADO,-166.439.785,-493.915.716
Bituruna auto peças eletrica e mecanica LTDA,São Mateus do Sul,Paraná,Brasil,Lojista,ATIVADO,-25.866.823,-50.382.796
Big Horn Off Road,Osório,Rio Grande do Sul,Brasil,Distribuidor,ATIVADO,-298.729.698,-502.547.004
Coelho som acessórios,Minas Novas,Minas Gerais,Brasil,Lojista,ATIVADO,-172.213.559,-425.801.974
DIFERENCIAL DISTRIBUIDORA DE AUTO PECAS LTDA,Porto Alegre,Rio Grande do Sul,Brasil,Distribuidor,ATIVADO,-299.908.734,-511.969.736
Autobox,São José de Mipibu,Rio Grande do Norte,Brasil,Lojista,ATIVADO,-6.071.807,-352.508.465
SULEDS CASA DAS LAMPADAS AUTOMOTIVAS LTDA,Gravataí,Rio Grande do Sul,Brasil,Lojista,ATIVADO,-299.357.832,-5.101.648
D15 UTILIDADES,Contagem,Minas Gerais,Brasil,Lojista,ATIVADO,-199.060.276,-440.349.133
AUTO PEÇAS MARQUES DE POMBAL LTDA,Mariana,Minas Gerais,Brasil,Lojista,ATIVADO,-20.372.453,-43.418.911
HIARLLY leds,Regeneração,Piauí,Brasil,Distribuidor,ATIVADO,-62.351.011,-426.789.594
CURRIEL & CURRIEL,Terra Boa,Paraná,Brasil,Distribuidor,ATIVADO,-2.376.489,-524.450.848
Galego auto montagem,Lagarto,Sergipe,Brasil,Lojista,ATIVADO,-109.176.386,-376.609.517
Peça sul auto peças Ltda,Ametista do Sul,Rio Grande do Sul,Brasil,Lojista,ATIVADO,-273.617.341,-531.826.575
Lipe motopeças,Alagoinhas,Bahia,Brasil,Lojista,ATIVADO,-121.637.841,-384.306.738
Auto peças Cruzadão,São Paulo,São Paulo,Brasil,Lojista,ATIVADO,-237.217.884,-467.589.126
AMERIPARTS,Três Lagoas,Mato Grosso do Sul,Brasil,Distribuidor,ATIVADO,-207.992.618,-516.833.855
Samuel santos,Araçatuba,São Paulo,Brasil,Lojista,ATIVADO,-212.066.023,-504.586.865
Nominato Car Service,Nova Serrana,Minas Gerais,Brasil,Lojista,ATIVADO,-198.607.382,-449.874.385
CAPOTAS CABRAL LTDA,Porto Alegre,Rio Grande do Sul,Brasil,Lojista,ATIVADO,-300.066.148,-511.395.414
Auto molas maria da conceição,Vicência,Pernambuco,Brasil,Lojista,ATIVADO,-76.656.009,-353.214.756
Bhpartssomeacessorios,Belo Horizonte,Minas Gerais,Brasil,Lojista,ATIVADO,-198.750.992,-439.285.927
Comercial de Peças só Fiat e Jeep,Salvador,Bahia,Brasil,Distribuidor,ATIVADO,-12.919.684,-383.530.859
Pardal Auto Elétrica,Tabatinga,São Paulo,Brasil,Lojista,ATIVADO,-217.341.319,-486.942.124
SAMUEL SOM E ACESSÓRIOS LTDA,Presidente Jânio Quadros,Bahia,Brasil,Lojista,ATIVADO,-146.841.432,-416.789.112
UBERLANTERNAS FAROIS E ACESSORIOS,Uberlândia,Minas Gerais,Brasil,Lojista,ATIVADO,-188.757.477,-482.728.583
JC Acessórios,Santa Bárbara,Minas Gerais,Brasil,Lojista,ATIVADO,-203.680.222,-434.113.466
Michele satler Gomes Machado,Manhuaçu,Minas Gerais,Brasil,Lojista,ATIVADO,-202.755.741,-42.052.397
Top Leds,São Luís,Maranhão,Brasil,Lojista,ATIVADO,-25.203.175,-44.225.148
ADRIPEL DISTRIBUIDORA DE PEÇAS,Franca,São Paulo,Brasil,Distribuidor,ATIVADO,-205.246.048,-473.832.046
R&J Films,Manhuaçu,Minas Gerais,Brasil,Lojista,ATIVADO,-202.650.616,-42.036.212
Vitor Motos LTDA,Curaçá,Bahia,Brasil,Lojista,ATIVADO,-89.910.486,-399.089.047
Auto Portas e Acessórios Teus Car,Belo Horizonte,Minas Gerais,Brasil,Distribuidor,ATIVADO,-198.422.541,-439.200.397
NEVES KAR DISTRIBUIDORA,Jundiaí,São Paulo,Brasil,Distribuidor,ATIVADO,-231.976.609,-468.799.611
JIRAU II SOM E ACESSORIO,São Paulo,São Paulo,Brasil,Lojista,ATIVADO,-236.130.408,-465.972.138
MAGU PEÇAS,Catanduva,São Paulo,Brasil,Lojista,ATIVADO,-211.164.778,-48.966.301
HS AUTOPEÇAS,Nossa Senhora da Glória,Sergipe,Brasil,Lojista,ATIVADO,-99.662.491,-370.810.448
RJ DISTRIBUIDORA DE PEÇAS E ACESSORIOS CAMINHÕES,Guarulhos,São Paulo,Brasil,Distribuidor,ATIVADO,-234.259.949,-465.235.389
AMGARAGEM -ILUMINAÇÃO AUTOMOTIVA,São José da Tapera,Alagoas,Brasil,Lojista,ATIVADO,-95.628.794,-373.794.357
Couto Representações,São Francisco de Itabapoana,Rio de Janeiro,Brasil,Lojista,ATIVADO,-213.292.923,-411.081.557
AS SUL,Serra,Espírito Santo,Brasil,Lojista,ATIVADO,-202.404.943,-402.730.236
Garanhuns Autocar,Garanhuns,Pernambuco,Brasil,Lojista,ATIVADO,-88.670.838,-365.011.096
ACESSORIOS E AUTO PEÇAS ITABAIANA LTDA,Nossa Senhora do Socorro,Sergipe,Brasil,Lojista,ATIVADO,-108.858.758,-371.331.736
POINT CAR,Presidente Prudente,São Paulo,Brasil,Lojista,ATIVADO,-221.479.936,-514.019.064
TREVÃO RIO PRETO COMÉRCIO DE PECAS,São José do Rio Preto,São Paulo,Brasil,Lojista,ATIVADO,-208.296.065,-493.647.914
TREVÃO RIO PRETO COMÉRCIO DE PECAS,Três Lagoas,Mato Grosso do Sul,Brasil,Lojista,ATIVADO,-207.832.162,-516.960.319
ADG SERVIÇOS E ACESSORIOS AUTOMOTIVOS LTDA,Jundiaí,São Paulo,Brasil,Lojista,ATIVADO,-231.560.184,-469.566.885
Via sound Ltda me,Belo Horizonte,Minas Gerais,Brasil,Lojista,ATIVADO,-198.354.846,-439.553.743
TP DISTRIBUIDORA DE PEÇAS,Vila Velha,Espírito Santo,Brasil,Distribuidor,ATIVADO,-203.746.073,-403.524.243
Pantanal vidros e acessorios,Colíder,Mato Grosso,Brasil,Lojista,ATIVADO,-108.094.999,-554.540.386
MAGUELINHO DOS LEDS,Santa Maria da Boa Vista,Pernambuco,Brasil,Lojista,ATIVADO,-87.972.146,-398.337.694
VR ELETRO DISTRIBUIDORA AUTOMOTIVA,Goiânia,Goiás,Brasil,Distribuidor,ATIVADO,-166.823.766,-493.226.226
GB ACESSORIOS,Morro do Chapéu,Bahia,Brasil,Lojista,ATIVADO,-115.480.932,-411.636.673
SULEDS CASA DAS LAMPADAS AUTOMOTIVAS LTDA,Gravataí,Rio Grande do Sul,Brasil,Distribuidor,ATIVADO,-299.357.832,-5.101.648
BAURU LAMP,Bauru,São Paulo,Brasil,Lojista,ATIVADO,-223.478.782,-490.986.244
Marcos auto Center,Ubaitaba,Bahia,Brasil,Lojista,ATIVADO,-143.117.771,-393.226.605
SOCIAL DISTRIBUIDORA,Goiânia,Goiás,Brasil,Distribuidor,ATIVADO,-166.634.332,-49.323.335
Marcos auto Center,Ubaitaba,Bahia,Brasil,Lojista,ATIVADO,-143.121.915,-39.317.178
Renovecarssa,Salvador,Bahia,Brasil,Lojista,ATIVADO,-128.700.209,-384.606.821
GIGANTE AUTO PEÇAS,Brasília,Distrito Federal,Brasil,Lojista,ATIVADO,-15.841.496,-481.038.167
Jmcar,Betim,Minas Gerais,Brasil,Distribuidor,ATIVADO,-199.424.692,-44.133.484
MD LEDS,Natal,Rio Grande do Norte,Brasil,Lojista,ATIVADO,-5.759.061,-352.798.325
CASA DAS MOLAS DISTRIBUIDORA DE AUTOPEÇAS LTDA ME,Teresina,Piauí,Brasil,Distribuidor,ATIVADO,-5.122.352,-427.975.362
Kaquera Talento Automotivo,Taquaritinga do Norte,Pernambuco,Brasil,Lojista,ATIVADO,-79.565.737,-361.341.924
Dleds automotivos,Ipatinga,Minas Gerais,Brasil,Lojista,ATIVADO,-194.789.568,-425.651.863
Vargas eletrica,Santa Maria,Rio Grande do Sul,Brasil,Lojista,ATIVADO,-297.155.375,-53.821.541
Tavinho acessórios,Cuiabá,Mato Grosso,Brasil,Lojista,ATIVADO,-155.700.539,-560.842.958
FÊNIX ACESSÓRIOS,Guaratinga,Bahia,Brasil,Lojista,ATIVADO,-165.830.739,-397.780.459
Play Áudio Car,Jeremoabo,Bahia,Brasil,Lojista,ATIVADO,-9.973.739,-38.308.404
POWER Led,Boa Vista,Roraima,Brasil,Lojista,ATIVADO,28.313.545,-607.207.133
Roberto Auto elétrica,Pitanga,Paraná,Brasil,Lojista,ATIVADO,-247.591.666,-517.620.397
AUTO LATARIAS FORMIGA,Formiga,Minas Gerais,Brasil,Lojista,ATIVADO,-204.648.723,-454.339.573
Iluminifast Loja de Iluminação,São Carlos,São Paulo,Brasil,Lojista,ATIVADO,-220.087.406,-479.013.465
HVG AUTO PEÇAS LTDA,Guarulhos,São Paulo,Brasil,Lojista,ATIVADO,-234.507.064,-464.621.984
Jmcar,Betim,Minas Gerais,Brasil,Distribuidor,ATIVADO,-199.676.755,-441.886.447
MK Pneus LTDA,Itaiópolis,Santa Catarina,Brasil,Lojista,ATIVADO,-2.634.578,-49.909.289
AUTO ELETRICA DO ANISIO LTDA / PARANÁ BATERIAS ELETROPEÇAS,Divinópolis,Minas Gerais,Brasil,Lojista,ATIVADO,-201.717.758,-449.156.827
ABREU AUTO PECAS,Jequié,Bahia,Brasil,Lojista,ATIVADO,-138.581.783,-401.200.129
WSUPER ACESSORIOS,Marília,São Paulo,Brasil,Lojista,ATIVADO,-22.236.876,-499.764.228
Rodoclima peças e serviços,Rio Largo,Alagoas,Brasil,Lojista,ATIVADO,-95.277.552,-359.453.987
autoeletricasarah,Goioerê,Paraná,Brasil,Lojista,ATIVADO,-241.837.294,-530.203.961
Rav_acessorios automotivos,Contagem,Minas Gerais,Brasil,Lojista,ATIVADO,-198.444.237,-440.255.677
Playcar Multimídia,Rio de Janeiro,Rio de Janeiro,Brasil,Lojista,ATIVADO,-230.077.593,-434.383.094
Dh cell,Itabira,Minas Gerais,Brasil,Lojista,ATIVADO,-196.190.169,-43.226.248
Jmcar,Betim,Minas Gerais,Brasil,Distribuidor,ATIVADO,-199.676.755,-441.886.447
OSCAR PINTO 71878122800 (CASA DO FROTISTA ),Amparo,São Paulo,Brasil,Lojista,ATIVADO,-227.146.444,-467.912.812
Guara Car Acessórios,Viana,Espírito Santo,Brasil,Lojista,ATIVADO,-203.726.508,-404.152.688
Automais acessórios automotivos lmtd,Santa Maria de Jetibá,Espírito Santo,Brasil,Lojista,ATIVADO,-200.153.685,-407.460.471
PH’ Films,Costa Rica,Mato Grosso do Sul,Brasil,Lojista,ATIVADO,-185.451.146,-531.298.856
Cw acessórios automotivos,Camaçari,Bahia,Brasil,Lojista,ATIVADO,-126.973.391,-383.299.865
Ryan Gustavo de Campos Santos,Londrina,Paraná,Brasil,Distribuidor,ATIVADO,-23.287.736,-511.159.843
Auto Vidros Alberini Ltda,Colombo,Paraná,Brasil,Lojista,ATIVADO,-253.498.373,-492.213.635
Vitrinni,Campina Grande,Paraíba,Brasil,Lojista,ATIVADO,-72.112.913,-358.764.493
E.S CAR,Cabo de Santo Agostinho,Pernambuco,Brasil,Lojista,ATIVADO,-82.884.271,-350.397.322
Stopcar acessórios,Pouso Alegre,Minas Gerais,Brasil,Lojista,ATIVADO,-222.636.621,-459.284.419
Eletrônica Digital Systems Ltda ME,Itapiranga,Santa Catarina,Brasil,Lojista,ATIVADO,-271.694.484,-537.068.861
Tapeçaria cometa ltda,Dourados,Mato Grosso do Sul,Brasil,Lojista,ATIVADO,-222.323.044,-547.483.064
VITIM DETAILS,Betim,Minas Gerais,Brasil,Lojista,ATIVADO,-199.726.868,-441.929.625
ALISOM EQUIPADORA,Ceará-mirim,Rio Grande do Norte,Brasil,Lojista,ATIVADO,-56.536.294,-354.190.515
Garagem Centro Automotivo,Santa Maria,Rio Grande do Sul,Brasil,Lojista,ATIVADO,-297.129.734,-538.123.954
Sb carretinhas e reboques,Salvador,Bahia,Brasil,Lojista,ATIVADO,-12.996.257,-385.276.124
ALISOM EQUIPADORA,Ceará-mirim,Rio Grande do Norte,Brasil,Lojista,ATIVADO,-56.536.294,-354.190.515
54.256.505 VINICIUS DAVID DOS SANTOS,São Bernardo do Campo,São Paulo,Brasil,Lojista,ATIVADO,-237.021.371,-465.691.616
Sb carretinhas e reboques,Salvador,Bahia,Brasil,Lojista,ATIVADO,-12.996.257,-385.276.124
Heavy comércios,Jundiaí,São Paulo,Brasil,Distribuidor,ATIVADO,-231.836.536,-468.549.515
Centronorte autopecas ltda,Pirapora,Minas Gerais,Brasil,Lojista,ATIVADO,-173.361.879,-44.890.161
REI DO LED,Ubatã,Bahia,Brasil,Lojista,ATIVADO,-142.097.262,-395.173.768
Cortez acessórios,Imperatriz,Maranhão,Brasil,Lojista,ATIVADO,-55.288.069,-474.724.182
JD estética automotiva,Fátima,Bahia,Brasil,Lojista,ATIVADO,-105.903.056,-38.211.705
DaniCar Auto Center,Salvador,Bahia,Brasil,Lojista,ATIVADO,-129.366.815,-384.245.897
AUTOPEL PEÇAS ELETRICAS P AUTOS LTDA,Goiânia,Goiás,Brasil,Lojista,ATIVADO,-166.699.189,-492.276.036
IG PARTS,Belo Horizonte,Minas Gerais,Brasil,Lojista,ATIVADO,-198.899.927,-439.511.024
Silva car autocervice,Goiânia,Goiás,Brasil,Lojista,ATIVADO,-166.871.638,-493.862.592
Pateta INSTALAÇÕES,Manaus,Amazonas,Brasil,Lojista,ATIVADO,-31.245.303,-600.187.198
David Fumê,Santo Amaro,Bahia,Brasil,Lojista,ATIVADO,-125.519.686,-387.060.448
NEW SOUND DISTRIBUIDORA,Itumbiara,Goiás,Brasil,Distribuidor,ATIVADO,-184.139.922,-49.217.684
FERREIRA AUTOMOTORES LTDA,Nordestina,Bahia,Brasil,Lojista,ATIVADO,-10.824.803,-394.293.672
Auto elétrica fontes,Umbaúba,Sergipe,Brasil,Lojista,ATIVADO,-11.376.002,-376.589.971
Rafael Batschke Palinski Conde,Marechal Cândido Rondon,Paraná,Brasil,Lojista,ATIVADO,-24.543.995,-540.487.726
Auto Elétrica São Cristóvão,Campo Verde,Mato Grosso,Brasil,Lojista,ATIVADO,-155.466.049,-551.600.404
Israel auto eletrica e auto peças,Coração de Maria,Bahia,Brasil,Lojista,ATIVADO,-122.484.345,-387.499.274
NEL-SOM ELETRÔNICA,Delmiro Gouveia,Alagoas,Brasil,Lojista,ATIVADO,-93.710.699,-381.897.024
COMERCIAL PASSARELLA DISTRIBUIDORA DE AUTO PEÇAS,São Paulo,São Paulo,Brasil,Distribuidor,ATIVADO,-239.270.256,-463.752.933
TNK DISTRIBUIDORA AUTOMOTIVA LTDA,São Paulo,São Paulo,Brasil,Distribuidor,ATIVADO,-23.591.863,-467.910.557
Conceito Estetica Automotiva,Cristina,Minas Gerais,Brasil,Lojista,ATIVADO,-222.108.788,-452.650.811
ROGERIO CENTRO AUTOMOTIVO,Pirapora,Minas Gerais,Brasil,Lojista,ATIVADO,-173.428.228,-449.297.497
Olvr Custom Films,Carira,Sergipe,Brasil,Lojista,ATIVADO,-103.568.213,-377.081.579
Auto Peças Ferreira Sá Ltda,Diamantina,Minas Gerais,Brasil,Lojista,ATIVADO,-18.246.973,-436.470.417
TEC SERVICE LTDA,Fortaleza,Ceará,Brasil,Lojista,ATIVADO,-3.730.662,-3.851.062
Ademario Moto Peças,Carira,Sergipe,Brasil,Lojista,ATIVADO,-103.587.657,-377.061.765
Auto elétrica marlene,Moji-mirim,São Paulo,Brasil,Lojista,ATIVADO,-224.389.229,-469.373.194
Rafa auto elétrica,Alvorada do Norte,Goiás,Brasil,Lojista,ATIVADO,-144.789.841,-464.952.688
JS ACESSÓRIOS,Vitória de Santo Antão,Pernambuco,Brasil,Distribuidor,ATIVADO,-81.134.629,-35.304.465
AUTO ELETRICA AFFONSO LTDA - ME,Socorro,São Paulo,Brasil,Lojista,ATIVADO,-225.959,-465.212.873
waldney coelho da silva-me,Barbacena,Minas Gerais,Brasil,Lojista,ATIVADO,-211.986.045,-437.604.175
AUTO ELETRICA BOHRER,Campo Verde,Mato Grosso,Brasil,Lojista,ATIVADO,-155.466.049,-551.600.404
Samuel dos leds,Tanque do Piauí,Piauí,Brasil,Distribuidor,ATIVADO,-65.960.402,-422.826.723
PDV RODAS E LOCACOES DE VEICULOS LTDA,Fortaleza,Ceará,Brasil,Lojista,ATIVADO,-37.712.937,-384.985.243
Lukacessorios,João Pessoa,Paraíba,Brasil,Lojista,ATIVADO,-71.299.946,-348.892.172
Eletricar Auto Peças e Acessórios,Cachoeirinha,Rio Grande do Sul,Brasil,Lojista,ATIVADO,-299.039.737,-510.765.196
INOVAPARTS ACESSÓRIOS LTDA,Lorena,São Paulo,Brasil,Lojista,ATIVADO,-227.260.053,-451.100.753
MAB comércio peças e assessórios automotivos ltda,São Paulo,São Paulo,Brasil,Distribuidor,ATIVADO,-236.463.226,-465.955.091
REPEL AUTOMOTIVA LTDA,São José do Rio Preto,São Paulo,Brasil,Distribuidor,ATIVADO,-208.402.623,-493.552.294
S. FERREIRA AUTO PECAS LTDA,São Sebastião do Paraíso,Minas Gerais,Brasil,Lojista,ATIVADO,-209.120.722,-469.638.616
Mega Som e Acessórios,Pirapora,Minas Gerais,Brasil,Lojista,ATIVADO,-173.649.278,-449.429.163
GCAR ACESSÓRIOS LTDA ME,Aracaju,Sergipe,Brasil,Lojista,ATIVADO,-109.061.404,-370.529.894
auto eletrica ataide,Itapeva,São Paulo,Brasil,Lojista,ATIVADO,-239.833.289,-488.944.954
Rovalle Serviços Automotivo,Contagem,Minas Gerais,Brasil,Lojista,ATIVADO,-199.238.368,-440.668.994
Foco revitalização de farol,Paraopeba,Minas Gerais,Brasil,Lojista,ATIVADO,-192.672.779,-443.948.825
Cm Veículos,Juazeiro do Norte,Ceará,Brasil,Lojista,ATIVADO,-72.216.534,-393.241.288
Foco revitalização de farol,Paraopeba,Minas Gerais,Brasil,Lojista,ATIVADO,-192.672.779,-443.948.825
Foco revitalização de farol,Paraopeba,Minas Gerais,Brasil,Lojista,ATIVADO,-192.672.779,-443.948.825
RJR LEDS AUTOMOTIVO,Sorocaba,São Paulo,Brasil,Lojista,ATIVADO,-234.640.695,-475.002.258
AUTO PEÇAS MARQUES DE POMBAL LTDA,Mariana,Minas Gerais,Brasil,Lojista,ATIVADO,-20.372.453,-43.418.911
Mucajai auto peças,Mucajaí,Roraima,Brasil,Lojista,ATIVADO,24.408.093,-609.188.355
HSC SERVICE EIRELI,Betim,Minas Gerais,Brasil,Lojista,ATIVADO,-199.342.724,-441.094.376
Rei do Som Comércio de Eletrônicos Ltda,Brumado,Bahia,Brasil,Lojista,ATIVADO,-142.109.119,-416.793.326
Eletricar auto elétrica,Curvelo,Minas Gerais,Brasil,Lojista,ATIVADO,-187.633.701,-444.287.416
J.CARNEIRO DA SILVA AUTO PEÇAS,Feira de Santana,Bahia,Brasil,Lojista,ATIVADO,-122.916.084,-389.511.387
CW AUTO PECAS,Camaçari,Bahia,Brasil,Lojista,ATIVADO,-126.973.391,-383.299.865
Licitacar,Divinópolis,Minas Gerais,Brasil,Distribuidor,ATIVADO,-201.424.362,-449.015.196
Cialux Iluminação e Estética Automotiva Ltda,Aracaju,Sergipe,Brasil,Lojista,ATIVADO,-109.145.677,-370.680.183
PRIME SOUND,São Paulo,São Paulo,Brasil,Lojista,ATIVADO,-236.770.244,-466.855.446
MARF DISTRIBUIDORA PECAS E ACE,Eusébio,Ceará,Brasil,Distribuidor,ATIVADO,-3.889.152,-384.386.537
Vitor auto peças,Palmares,Pernambuco,Brasil,Lojista,ATIVADO,-86.716.294,-355.760.922
GAMA AUTO PECAS LTDA,Maringá,Paraná,Brasil,Lojista,ATIVADO,-234.161.283,-519.091.986
MS TRUCK CENTER LTDA,Itabuna,Bahia,Brasil,Lojista,ATIVADO,-181.700.246,-399.172.366
Garagem Auto Center,Santa Maria,Rio Grande do Sul,Brasil,Lojista,ATIVADO,-297.129.734,-538.123.954
WL SOM E ACESSORIOS,Matias Cardoso,Minas Gerais,Brasil,Lojista,ATIVADO,-148.570.057,-439.165.693
AUTO PEÇAS TANZI,Itapetininga,São Paulo,Brasil,Lojista,ATIVADO,-236.121.344,-480.763.027
Ferreira Distribuidora,João Monlevade,Minas Gerais,Brasil,Distribuidor,ATIVADO,-198.124.404,-431.929.734
Auto eletrica Barcelar,Tomazina,Paraná,Brasil,Lojista,ATIVADO,-237.744.695,-499.593.189
Vinicius Acessórios Automotivos,Juazeiro,Bahia,Brasil,Lojista,ATIVADO,-103.037.966,-401.684.922
ZOI som e acessórios,Contagem,Minas Gerais,Brasil,Lojista,ATIVADO,-199.132.749,-440.840.953
Metrica Construcoes LTDA,Jacobina,Bahia,Brasil,Lojista,ATIVADO,-1.117.684,-405.420.127
EVIDÊNCIA DISTRIBUIDORA AUTOMOTIVA,João Pessoa,Paraíba,Brasil,Distribuidor,ATIVADO,-71.094.244,-348.595.643
ACESSORIOS E AUTO ELETRICA TH,Toledo,Paraná,Brasil,Lojista,ATIVADO,-246.647.068,-536.996.896
Higor auto elétrica,Maceió,Alagoas,Brasil,Lojista,ATIVADO,-95.386.061,-356.213.488
rondon e ribeiro material eletrico em geral e naval ltda,Guarujá,São Paulo,Brasil,Lojista,ATIVADO,-239.964.184,-462.743.783
EQUIPADORA SPORT KAR,Natal,Rio Grande do Norte,Brasil,Lojista,ATIVADO,-58.082.856,-352.094.169
MK Pneus LTDA,Itaiópolis,Santa Catarina,Brasil,Lojista,ATIVADO,-2.634.578,-49.909.289
DSC DISTRIBUIDORA SÃO CRISTOVÃO DE AUTO PEÇAS LTDA,Lajeado,Rio Grande do Sul,Brasil,Distribuidor,ATIVADO,-294.411.677,-519.643.046
AUDIO SHOP DISTRIBUIDORA AUTOMOTIVA,Maceió,Alagoas,Brasil,Distribuidor,ATIVADO,-96.262.568,-357.296.784
WF Empreendimentos,Betim,Minas Gerais,Brasil,Lojista,ATIVADO,-199.066.895,-442.893.367
AUTO CEZAR,Maceió,Alagoas,Brasil,Lojista,ATIVADO,-96.063.446,-357.411.445
Ms turbo performance,Matupá,Mato Grosso,Brasil,Lojista,ATIVADO,-101.747.128,-549.214.582
Lima autopeças,São João Nepomuceno,Minas Gerais,Brasil,Lojista,ATIVADO,-215.343.768,-430.208.321
STAR AUTO PEÇAS,Maceió,Alagoas,Brasil,Lojista,ATIVADO,-96.697.488,-357.514.806
Lima autopeças,São João Nepomuceno,Minas Gerais,Brasil,Lojista,ATIVADO,-215.343.768,-430.208.321
COMPLEMENTAR AUTO PEÇAS,Maceió,Alagoas,Brasil,Lojista,ATIVADO,-96.020.128,-357.479.672
Ygo leds,Feira de Santana,Bahia,Brasil,Lojista,ATIVADO,-12.211.295,-389.542.468
hm som e acessórios,São Paulo,São Paulo,Brasil,Lojista,ATIVADO,-234.481.807,-467.170.126
TrinCar Acessórios e serviços automotivos,Amargosa,Bahia,Brasil,Lojista,ATIVADO,-13.031.132,-395.866.866
Neto Auto Elétrica,Águas Vermelhas,Minas Gerais,Brasil,-,ATIVADO,-158.114.485,-413.807.975
Natal Acessórios,Natal,Rio Grande do Norte,Brasil,Lojista,ATIVADO,-58.171.809,-352.282.795
Acioli Lampadas e Acessórios,São Luís do Quitunde,Alagoas,Brasil,Lojista,ATIVADO,-93.206.257,-355.614.835
Wf acessórios,Belo Horizonte,Minas Gerais,Brasil,-,ATIVADO,-199.969.082,-440.523.042
Track sound acessórios de veículos Ltda,Campinas,São Paulo,Brasil,Lojista,ATIVADO,-229.001.966,-470.820.337
Toca Motos,Ipatinga,Minas Gerais,Brasil,Lojista,ATIVADO,-194.673.426,-425.278.167
StockLed Led Automotivo,Joinville,Santa Catarina,Brasil,-,ATIVADO,-2.627.545,-488.266.399
Gordin_insufilm,Belo Horizonte,Minas Gerais,Brasil,Lojista,ATIVADO,-199.596.758,-439.955.516
MEGA CAR MECANICA E AUTO ELETRICA,Araguari,Minas Gerais,Brasil,-,ATIVADO,-186.407.044,-482.044.187
JeffCar Automotivo,Piritiba,Bahia,Brasil,-,ATIVADO,-117.322.331,-405.561.875
Rc retrovisor LTDA,Belo Horizonte,Minas Gerais,Brasil,Lojista,ATIVADO,-199.128.621,-439.451.984
DISTRIBUIDORA MPCA,Serra,Espírito Santo,Brasil,-,ATIVADO,-202.086.992,-402.455.928
CHINA SOM E ACESSÓRIOS,Betim,Minas Gerais,Brasil,Distribuidor,ATIVADO,-199.933.944,-441.119.439
Rkp Soluções Automotivas,Petrolina,Pernambuco,Brasil,Lojista,ATIVADO,-93.893.867,-405.434.514
Mania do rodoar,Brasília,Distrito Federal,Brasil,Lojista,ATIVADO,-157.722.128,-47.781.479
ASAP DISTRIBUIDORA DE AUTOPEÇAS,Canoas,Rio Grande do Sul,Brasil,Distribuidor,ATIVADO,-299.204.736,-511.434.879
Auto eletrica positivo,Rondonópolis,Mato Grosso,Brasil,Distribuidor,ATIVADO,-164.393.846,-546.772.829
Auto Elétrica Resplendor LTDA,Resplendor,Minas Gerais,Brasil,Lojista,ATIVADO,-193.348.094,-412.556.718
Oliveira comercio de auto pecas,Camaçari,Bahia,Brasil,Distribuidor,ATIVADO,-126.998.188,-383.260.762
Vidro Car,Sete Lagoas,Minas Gerais,Brasil,Lojista,ATIVADO,-194.360.801,-442.203.405
Hot distribuidora Ltda,Içara,Santa Catarina,Brasil,Distribuidor,ATIVADO,-287.107.645,-493.008.004
MELLO PEÇAS ELETRICAS,Osasco,São Paulo,Brasil,Lojista,ATIVADO,-235.129.216,-467.609.267
Rota Sistemas Automotivos,Campo Largo,Paraná,Brasil,Lojista,ATIVADO,-254.531.449,-495.488.807
077Leds,Vitória da Conquista,Bahia,Brasil,Lojista,ATIVADO,-147.870.374,-406.568.678
Márcio montagem e acessórios,Aracaju,Sergipe,Brasil,Lojista,ATIVADO,-109.063.857,-370.900.342
Central Distribuidora de Acessórios,Cascavel,Paraná,Brasil,Distribuidor,ATIVADO,-24.969.813,-533.978.116
R 10 AUTO PEÇAS,São Paulo,São Paulo,Brasil,Lojista,ATIVADO,-235.737.047,-465.587.808
Broka auto som,Lajeado,Rio Grande do Sul,Brasil,Lojista,ATIVADO,-294.469.942,-519.636.665
Junior Car Acessórios,Juazeiro do Norte,Ceará,Brasil,Lojista,ATIVADO,-72.150.797,-393.237.507
imperio pneus,Martins Soares,Minas Gerais,Brasil,Lojista,ATIVADO,-202.589.033,-418.781.238
J B Walger acessorios,Santa Maria de Jetibá,Espírito Santo,Brasil,Lojista,ATIVADO,-200.671.206,-40.838.524
Auto elétrica do Rhaylton,Esmeraldas,Minas Gerais,Brasil,Lojista,ATIVADO,-197.360.035,-441.504.314
PERRETTI ACESSORIOS,Itapeva,São Paulo,Brasil,Lojista,ATIVADO,-239.872.227,-488.932.716
Steticarreis,Naque,Minas Gerais,Brasil,Lojista,ATIVADO,-192.201.722,-423.193.123
N.R.F.oliveira comercio de eletrônico,Cruz Das Almas,Bahia,Brasil,Lojista,ATIVADO,-126.651.769,-391.153.275
NEKA ELETRICA E AUTO CENTER,Iati,Pernambuco,Brasil,Lojista,ATIVADO,-90.079.459,-368.658.789
PANHAN COMERCIO DE PEÇAS E ACESS. PARA VEICULOS LTDA,Bauru,São Paulo,Brasil,Distribuidor,ATIVADO,-223.299.368,-491.010.061
CASA DOS LED S,Gravataí,Rio Grande do Sul,Brasil,Lojista,ATIVADO,-299.196.266,-510.441.196
SP FILM SJC,São José Dos Campos,São Paulo,Brasil,Lojista,ATIVADO,-232.280.913,-458.908.125
CENTER CAR,Feira de Santana,Bahia,Brasil,Lojista,ATIVADO,-122.154.165,-389.397.479
JJ CAR,Fortaleza,Ceará,Brasil,Lojista,ATIVADO,-37.736.494,-384.622.512
CNO Carlos negócios online,Porto Alegre,Rio Grande do Sul,Brasil,Lojista,ATIVADO,-300.479.077,-511.897.238
DANIEL AUTOMAÇÃO VEICULAR,Congonhas,Minas Gerais,Brasil,Lojista,ATIVADO,-205.015.168,-438.564.586
Elite car equipadora,Biritinga,Bahia,Brasil,Lojista,ATIVADO,-116.245.052,-388.074.052
Vírus som,São Paulo,São Paulo,Brasil,Lojista,ATIVADO,-234.954.665,-466.805.993
Mendes auto elétrica e mecânica,Várzea do Poço,Bahia,Brasil,Lojista,ATIVADO,-115.269.634,-403.172.448
DIB ACESSORIOS,São Paulo,São Paulo,Brasil,Lojista,ATIVADO,-235.255.038,-465.882.956
Dias auto elétrica e auto peças,Paraíso do Tocantins,Tocantins,Brasil,Lojista,ATIVADO,-101.544.762,-488.833.261
MAGAOA UTO PEÇAS E ACESSORIOS,Araguatins,Tocantins,Brasil,Lojista,ATIVADO,-56.499.525,-481.200.404
Silas Som e Acessórios,Belo Horizonte,Minas Gerais,Brasil,Lojista,ATIVADO,-198.373.712,-439.480.678
CAV WEBER,Guaíba,Rio Grande do Sul,Brasil,Lojista,ATIVADO,-30.112.773,-513.658.397
W.l auto peças,Ponta Grossa,Paraná,Brasil,Distribuidor,ATIVADO,-251.011.335,-501.851.941
Viaecerca ind. e comercio de plásticos e sinalização LTDA,Iepê,São Paulo,Brasil,Lojista,ATIVADO,-226.512.502,-510.775.123
Centro automotivo garage,Belo Horizonte,Minas Gerais,Brasil,Lojista,ATIVADO,-199.188.792,-438.991.925
GREEN PECAS COMERCIAIS LTDA,Joinville,Santa Catarina,Brasil,Lojista,ATIVADO,-265.369.175,-48.713.501
Vilian manutenção e locação,Ipatinga,Minas Gerais,Brasil,Lojista,ATIVADO,-194.558.463,-425.251.167
JOSSAN AUTO PEÇAS,Tianguá,Ceará,Brasil,Lojista,ATIVADO,-37.307.332,-410.004.019
RC truck,Rio Claro,São Paulo,Brasil,Distribuidor,ATIVADO,-223.947.202,-475.845.754
KM TRUCK ACESSORIOS,Serra,Espírito Santo,Brasil,Lojista,ATIVADO,-201.088.197,-401.831.562
MINAS ACESSÓRIOS DE CAMINHÃO,Contagem,Minas Gerais,Brasil,Lojista,ATIVADO,-199.631.407,-440.574.915
Posto Barragem,Rio Manso,Minas Gerais,Brasil,Lojista,ATIVADO,-20.272.228,-443.101.666
Rhino Autoparts,Rio de Janeiro,Rio de Janeiro,Brasil,Distribuidor,ATIVADO,-228.922.293,-43.221.114
Dl serviços automotivos,Rio de Janeiro,Rio de Janeiro,Brasil,Lojista,ATIVADO,-228.707.367,-43.256.411
Dantor reparações automotivas,Curiúva,Paraná,Brasil,Lojista,ATIVADO,-240.483.134,-504.517.842
Império baterias,Ribeirão Das Neves,Minas Gerais,Brasil,Lojista,ATIVADO,-197.778.542,-4.414.007
BEDA AUTO ELETRICA,Brumado,Bahia,Brasil,Lojista,ATIVADO,-14.212.545,-416.749.486
Fortaleza atacado,Eusébio,Ceará,Brasil,Distribuidor,ATIVADO,-39.292.652,-38.507.993
Alternativa peças e acessórios,Juazeiro do Norte,Ceará,Brasil,Lojista,ATIVADO,-72.060.889,-393.178.789
Supertech Automotivo,Batalha,Alagoas,Brasil,Lojista,ATIVADO,-96.807.965,-371.251.981
Rotestar peças eletricas,Pederneiras,São Paulo,Brasil,Lojista,ATIVADO,-223.732.169,-487.720.316
SoniCar,Cunha,São Paulo,Brasil,Lojista,ATIVADO,-230.769.763,-44.956.127
made farois lampadas e personalizados,Campina Grande do Sul,Paraná,Brasil,Distribuidor,ATIVADO,-253.677.429,-491.165.842
DDS IMPORTS COMERCIO DE ELETRONICOS LTDA,São Paulo,São Paulo,Brasil,Lojista,ATIVADO,-236.417.731,-466.439.532
L G V DE MELO NETO PECAS,Gravatá,Pernambuco,Brasil,Lojista,ATIVADO,-81.967.201,-35.577.315
MANDRAKS GARAGE LTDA,Rio Verde,Goiás,Brasil,Lojista,ATIVADO,-175.784.519,-525.504.575
ROTA13CUSTOM,Osasco,São Paulo,Brasil,Lojista,ATIVADO,-235.276.546,-467.882.997
Bomfim  Peças e Acessórios,Aracaju,Sergipe,Brasil,Lojista,ATIVADO,-109.061.404,-370.529.894
CARRETINHAS E REBOQUES 85 LTDA,Salvador,Bahia,Brasil,Lojista,ATIVADO,-129.085.085,-383.500.449
TOP LEDS,Maceió,Alagoas,Brasil,Lojista,ATIVADO,-95.434.542,-357.563.698
Levi Automotive,Maracanaú,Ceará,Brasil,Lojista,ATIVADO,-3.880.319,-38.606.079
China Som e Acessorios,Betim,Minas Gerais,Brasil,Lojista,ATIVADO,-199.949.502,-441.122.328
JOSSAN AUTO PEÇAS,Tianguá,Ceará,Brasil,Distribuidor,ATIVADO,-37.307.332,-410.004.019
Maciel Acessorios,Alvorada do Gurguéia,Piauí,Brasil,Lojista,ATIVADO,-84.338.673,-438.799.823
Stetsom Equipadora,Petrolina,Pernambuco,Brasil,Lojista,ATIVADO,-93.830.455,-405.163.528
PJ ACESSÓRIOS,Luís Eduardo Magalhães,Bahia,Brasil,Lojista,ATIVADO,-120.997.248,-457.974.841
Ricardinho auto som e acessórios,Condeúba,Bahia,Brasil,Lojista,ATIVADO,-149.023.035,-419.689.039
Garbo - estética automotiva e acessórios,Sete Lagoas,Minas Gerais,Brasil,Lojista,ATIVADO,-194.642.865,-442.522.767
Alpha Auto parts,Ipatinga,Minas Gerais,Brasil,Lojista,ATIVADO,-194.536.011,-425.460.588
MARCOS AURELIO RODRIGUES JUNIOR,Cruzília,Minas Gerais,Brasil,Lojista,ATIVADO,-218.460.774,-448.165.001
ACESSOM HID EIRELLI,Contagem,Minas Gerais,Brasil,Lojista,ATIVADO,-199.397.415,-440.542.429
Gsdetail,Brasília,Distrito Federal,Brasil,Lojista,ATIVADO,-157.899.566,-479.734.333
SHOP CAR COMERCIO E SERVIÇOS EIRELI,Luís Eduardo Magalhães,Bahia,Brasil,Lojista,ATIVADO,-120.995.012,-457.958.247
Konga Konga Auto Pecas,Mogi Guaçu,São Paulo,Brasil,Lojista,ATIVADO,-223.645.675,-469.375.168
Peninha auto elétrica,Jacutinga,Minas Gerais,Brasil,Lojista,ATIVADO,-222.802.394,-466.079.402
Auto mecanica pinhal,Espírito Santo do Pinhal,São Paulo,Brasil,Lojista,ATIVADO,-221.918.843,-467.443.656
Hot sound equipadora,Pombos,Pernambuco,Brasil,Lojista,ATIVADO,-81.428.612,-353.914.485
Auto elétrica novo horizonte,Candeias do Jamari,Rondônia,Brasil,Lojista,ATIVADO,-92.831.355,-634.696.525
59264494ALEXSANDRO ROCHA CHAGAS,Nossa Senhora do Socorro,Sergipe,Brasil,Lojista,ATIVADO,-108.347.886,-370.676.129
DIPECARR DISTRIBUIDORA DE PECAS E ACESSORIOS PARA CARRETAS LTDA,Presidente Prudente,São Paulo,Brasil,Distribuidor,ATIVADO,-221.422.061,-514.070.324
Kareca reparos e acessórios,Coruripe,Alagoas,Brasil,Lojista,ATIVADO,-102.159.585,-362.185.333
Mania Som e Acessórios,Contagem,Minas Gerais,Brasil,Lojista,ATIVADO,-198.567.947,-440.369.995
DIPECARR DISTRIBUIDORA DE PECAS E ACESSORIOS PARA CARRETAS LTDA,Sinop,Mato Grosso,Brasil,Distribuidor,ATIVADO,-118.466.319,-554.918.553
Disk Jota Tem Nu Preço,Maringá,Paraná,Brasil,Lojista,ATIVADO,-234.121.221,-51.958.381
World automotivo,Imperatriz,Maranhão,Brasil,Lojista,ATIVADO,-55.154.947,-474.665.935
EB IMPLEMENTOS RODOVIARIO,Fortaleza,Ceará,Brasil,Lojista,ATIVADO,-3.857.334,-384.949.177
Shop Prado Comercio Eletronico Ltda,Campinas,São Paulo,Brasil,Lojista,ATIVADO,-228.505.792,-470.736.283
Carworld acessórios automotivos,Contagem,Minas Gerais,Brasil,Lojista,ATIVADO,-199.367.947,-440.415.842
SANTOS CAR GARAGE,Serra,Espírito Santo,Brasil,Lojista,ATIVADO,-202.141.355,-402.665.211
Gipão autopeças,Baía Formosa,Rio Grande do Norte,Brasil,Lojista,ATIVADO,-63.708.896,-350.050.026
BR DISTRIBUIDORA DE PEÇAS E ACESSORIOS PARA CARRETAS,Presidente Prudente,São Paulo,Brasil,Distribuidor,ATIVADO,-221.422.061,-514.070.324
Netcar Bahia,Salvador,Bahia,Brasil,Lojista,ATIVADO,-129.386.964,-383.331.453
Erik auto elétrica,Itabaiana,Sergipe,Brasil,Lojista,ATIVADO,-106.825.662,-374.238.162
MOROCAR,Curitiba,Paraná,Brasil,Lojista,ATIVADO,-254.968.239,-493.322.784
GM auto center,Itaberaba,Bahia,Brasil,Lojista,ATIVADO,-125.319.268,-403.041.359
GAGLIAUTO AUTO PEÇAS,Francisco Beltrão,Paraná,Brasil,Lojista,ATIVADO,-260.746.306,-530.611.856
BEGGIAUTO COMERCIO DE AUTO PEÇAS,Curitiba,Paraná,Brasil,Lojista,ATIVADO,-254.570.317,-492.545.984
RED DISTRIBUIDORA,Presidente Prudente,São Paulo,Brasil,Distribuidor,ATIVADO,-221.428.007,-514.026.042
Jamau acessorios para veiculos,Bom Jesus da Lapa,Bahia,Brasil,Lojista,ATIVADO,-132.756.658,-43.398.064
COELHO SOM ACESSORIOS,Minas Novas,Minas Gerais,Brasil,Lojista,ATIVADO,-172.213.559,-425.801.974
Jontar,Francisco Morato,São Paulo,Brasil,Lojista,ATIVADO,-232.622.028,-467.337.137
ALVORADA AUTO PEÇAS,Curitiba,Paraná,Brasil,Lojista,ATIVADO,-253.914.429,-492.252.412
Boncar Peças e Acessórios,Barretos,São Paulo,Brasil,Lojista,ATIVADO,-205.826.547,-485.290.683
Br auto eletrica,Bom Jesus de Goiás,Goiás,Brasil,Lojista,ATIVADO,-182.131.935,-4.973.048
MAX SOUND ÁUDIO E ELETRÔNICOS,Vitória da Conquista,Bahia,Brasil,Lojista,ATIVADO,-148.536.318,-408.443.079
Auto peças m&m,Tarauacá,Acre,Brasil,Lojista,ATIVADO,-81.602.019,-707.665.368
Auto peças São Francisco,Santa Cruz,Pernambuco,Brasil,Lojista,ATIVADO,-82.336.022,-40.291.524
Auto peças São Francisco,Abreu e Lima,Pernambuco,Brasil,Distribuidor,ATIVADO,-78.869.136,-349.043.049
Feelps Leds,São Paulo,São Paulo,Brasil,Lojista,ATIVADO,-234.756.199,-466.885.993
DSR  DISTRIBUIDORA,Curitiba,Paraná,Brasil,Distribuidor,ATIVADO,-254.964.662,-492.363.248
Feelps Leds,São Paulo,São Paulo,Brasil,Lojista,ATIVADO,-234.756.199,-466.885.993
T&K AVALIAÇÕES E SERVIÇOS AUTOMOTIVOS LTDA,Feira de Santana,Bahia,Brasil,Lojista,ATIVADO,-122.629.239,-389.476.033
Elefran Distribuidora de Auto Peças Ltda,Lajeado,Rio Grande do Sul,Brasil,Distribuidor,ATIVADO,-29.443.564,-519.649.795
SULEDS CASA DAS LAMPADAS AUTOMOTIVAS LTDA,Gravataí,Rio Grande do Sul,Brasil,Distribuidor,ATIVADO,-299.357.832,-5.101.648
ROVELLI DISTRIBUIDORA AUTOMOTIVA LTDA,Cerquilho,São Paulo,Brasil,Distribuidor,ATIVADO,-231.716.522,-477.577.714
DISTRIBUIDORA SONICAR,Itabuna,Bahia,Brasil,Distribuidor,ATIVADO,-147.926.095,-392.793.844
Shoppcar Auto Center,Amargosa,Bahia,Brasil,Lojista,ATIVADO,-130.255.321,-396.056.627
Jsleds,Sapé,Paraíba,Brasil,Distribuidor,ATIVADO,-70.849.511,-352.372.532
Diegao films,Vitória da Conquista,Bahia,Brasil,Lojista,ATIVADO,-148.442.556,-408.724.927
Pereira Distribuidora de Autopeças,Ananindeua,Pará,Brasil,Distribuidor,ATIVADO,-13.636.197,-483.969.884
Dapper Performance,São José do Inhacorá,Rio Grande do Sul,Brasil,Lojista,ATIVADO,-277.259.506,-541.234.076
33.757.404 CAIQUE GUILHERME CAMACHO GUNDIM,São Bernardo do Campo,São Paulo,Brasil,Lojista,ATIVADO,-237.148.225,-465.929.593
Sul Eletro Distribuidora de Autopeças LTDA,Joinville,Santa Catarina,Brasil,Distribuidor,ATIVADO,-262.843.432,-488.766.089
Maicon faróis,Montes Claros,Minas Gerais,Brasil,Lojista,ATIVADO,-16.712.144,-438.395.212
Multibf,Conselheiro Lafaiete,Minas Gerais,Brasil,Lojista,ATIVADO,-207.021.618,-438.087.035
Diego Acessórios,Parnamirim,Pernambuco,Brasil,Lojista,ATIVADO,-80.923.033,-395.722.275
Magrini audio car,São Bernardo do Campo,São Paulo,Brasil,Lojista,ATIVADO,-237.242.349,-465.707.661
DISTRITAL SERVICOS E COMERCIO DE PNEUS E ACESSORIOS LTDA EPP,Franca,São Paulo,Brasil,Distribuidor,ATIVADO,-20.544.331,-474.622.703
Magrini audio car,São Bernardo do Campo,São Paulo,Brasil,Lojista,ATIVADO,-237.242.349,-465.707.661
Auto Peças J,Curitiba,Paraná,Brasil,Lojista,ATIVADO,-255.551.598,-493.324.956
RILDON ELETROPEÇAS LTDA.,Aracaju,Sergipe,Brasil,Lojista,ATIVADO,-109.073.591,-370.946.244
Magrini audio car,São Bernardo do Campo,São Paulo,Brasil,Lojista,ATIVADO,-237.242.349,-465.707.661
Vetin insulfilm e acessórios automotivos,Belo Horizonte,Minas Gerais,Brasil,Lojista,ATIVADO,-197.889.872,-439.824.527
Leleia auto peças,Piedade Dos Gerais,Minas Gerais,Brasil,Lojista,ATIVADO,-204.729.443,-442.233.467
Evoke,Vespasiano,Minas Gerais,Brasil,Lojista,ATIVADO,-197.577.606,-439.440.315
Léo som e acessórios,Itamarandiba,Minas Gerais,Brasil,Lojista,ATIVADO,-178.681.099,-428.628.051
Auto eletrica barcelar,Tomazina,Paraná,Brasil,Lojista,ATIVADO,-237.744.695,-499.593.189
ART SOUND COMPETITION,Taubaté,São Paulo,Brasil,Lojista,ATIVADO,-230.080.947,-455.232.148
Vitinho som e acessórios,Aracaju,Sergipe,Brasil,Lojista,ATIVADO,-109.435.195,-370.835.384
..,Itaitinga,Ceará,Brasil,Lojista,ATIVADO,-3.965.768,-38.529.763
Elétrica do Jonas de Muriaé Ltda,Muriaé,Minas Gerais,Brasil,Lojista,ATIVADO,-211.454.909,-423.801.575
João Paulo autopeças ltda,Alto Jequitibá,Minas Gerais,Brasil,Lojista,ATIVADO,-204.305.453,-419.595.397
Bazar e acessórios nota 10,Guaratinguetá,São Paulo,Brasil,Lojista,ATIVADO,-22.800.578,-45.169.333
severo comercio de peças acessórios e serviços ltda,Pilar do Sul,São Paulo,Brasil,Lojista,ATIVADO,-238.217.801,-47.707.912
Faróis e cia,Belo Horizonte,Minas Gerais,Brasil,Lojista,ATIVADO,-200.448.151,-442.225.035
Araújo som e acessórios,Manga,Minas Gerais,Brasil,Lojista,ATIVADO,-147.540.351,-439.399.021
Bigart,São Luís do Quitunde,Alagoas,Brasil,Lojista,ATIVADO,-93.149.966,-355.630.741
Bakachibas motos,Presidente Olegário,Minas Gerais,Brasil,Lojista,ATIVADO,-184.142.059,-46.426.924
Auto elétrica do gaúcho,Santarém,Pará,Brasil,Lojista,ATIVADO,-2.438.489,-54.699.611
Universal de Lujos,Duitama,Boyacá,Colombia,Lojista,ATIVADO,58.270.189,-730.295.225
Garagem auto center,Chupinguaia,Rondônia,Brasil,Lojista,ATIVADO,-125.556.906,-609.031.136
MVR Acessórios,Caeté,Minas Gerais,Brasil,Lojista,ATIVADO,-198.974.239,-436.681.885
AUTOPECAS ZOLA,Vitória da Conquista,Bahia,Brasil,Lojista,ATIVADO,-148.497.761,-408.482.822
FRANCISCO BARRETO DE LACERDA ME,Conselheiro Lafaiete,Minas Gerais,Brasil,Lojista,ATIVADO,-206.764.568,-437.830.067
NXTCAR,São Paulo,São Paulo,Brasil,Lojista,ATIVADO,-235.712.464,-465.377.156
ELIT Car,Epitaciolândia,Acre,Brasil,Lojista,ATIVADO,-110.190.118,-687.436.147
SULEDS CASA DAS LAMPADAS AUTOMOTIVAS LTDA,Gravataí,Rio Grande do Sul,Brasil,Lojista,ATIVADO,-299.359.589,-510.306.665
GRANDIESEL AUTO PECAS E POSTO DE MOLAS LTDA,Rio Real,Bahia,Brasil,Lojista,ATIVADO,-114.938.616,-379.134.562
SULEDS CASA DAS LAMPADAS AUTOMOTIVAS LTDA,Gravataí,Rio Grande do Sul,Brasil,Distribuidor,ATIVADO,-299.359.589,-510.306.665
GpEletriar,Arapoti,Paraná,Brasil,Lojista,ATIVADO,-241.457.957,-498.224.605
DIEGO ACESSÓRIOS ROTA 316,Parnamirim,Pernambuco,Brasil,Lojista,ATIVADO,-80.940.729,-395.865.188
Aurea Auto Peças LTDA,Paracatu,Minas Gerais,Brasil,Lojista,ATIVADO,-172.013.805,-468.737.845
Dr acessorios,Contagem,Minas Gerais,Brasil,Lojista,ATIVADO,-198.906.678,-440.840.109
AUTO ELETRICA NELSON LTDA,Blumenau,Santa Catarina,Brasil,Lojista,ATIVADO,-268.720.128,-490.994.574
Adalmir Alves da Costa neto,Nossa Senhora da Glória,Sergipe,Brasil,Lojista,ATIVADO,-100.311.363,-375.594.732
Adalmir Alves da Costa neto,Nossa Senhora da Glória,Sergipe,Brasil,Lojista,ATIVADO,-100.311.363,-375.594.732
Liotti e-commerce,Sorocaba,São Paulo,Brasil,Lojista,ATIVADO,-234.495.221,-474.837.758
FELIPE AUTO ELETRICA E AUTO PEÇAS,Capelinha,Minas Gerais,Brasil,Lojista,ATIVADO,-177.041.887,-425.173.178
RB AUTO PEÇAS LTDA,São José Dos Pinhais,Paraná,Brasil,Lojista,ATIVADO,-255.412.702,-491.912.386
Tork carretas Ind e com,São Gonçalo,Rio de Janeiro,Brasil,Lojista,ATIVADO,-228.014.032,-430.485.291
Big acessórios e parabrisas Ltda,Teófilo Otoni,Minas Gerais,Brasil,Lojista,ATIVADO,-178.524.174,-415.145.334
Cmp Caetano manutenção mecânica,Campos Dos Goytacazes,Rio de Janeiro,Brasil,Lojista,ATIVADO,-217.254.698,-413.207.506
F D Acessórios Veicular,Saquarema,Rio de Janeiro,Brasil,Lojista,ATIVADO,-228.785.961,-423.834.237
Eder Acessórios,Conselheiro Lafaiete,Minas Gerais,Brasil,Lojista,ATIVADO,-206.596.107,-43.785.743
Cmp Caetano manutenção mecânica,Campos Dos Goytacazes,Rio de Janeiro,Brasil,Distribuidor,ATIVADO,-217.254.698,-413.207.506
Detona som car,Betim,Minas Gerais,Brasil,Lojista,ATIVADO,-199.339.453,-441.293.612
DB System Audio,Nhandeara,São Paulo,Brasil,Lojista,ATIVADO,-206.758.199,-500.493.832
Cmp Caetano manutenção mecânica,Campos Dos Goytacazes,Rio de Janeiro,Brasil,Distribuidor,ATIVADO,-217.254.698,-413.207.506
G acessórios e auto peças,Sapucaia,Rio de Janeiro,Brasil,Lojista,ATIVADO,-219.946.569,-429.137.975
Elivanio Elizeu de Souza,Penaforte,Ceará,Brasil,Lojista,ATIVADO,-7.719.403,-390.392.702
Elivanio Elizeu de Souza,Penaforte,Ceará,Brasil,Lojista,ATIVADO,-7.719.403,-390.392.702
GDA DISTRIBUIODORA DE PEÇAS E ACESSORIOS AUTOMOTIVOS LTDA,São Luís,Maranhão,Brasil,Distribuidor,ATIVADO,-25.747.112,-44.237.288
Avenida auto peças,Curitiba,Paraná,Brasil,Lojista,ATIVADO,-255.902.777,-49.339.113
FTB Automotive Parts,São Bernardo do Campo,São Paulo,Brasil,Lojista,ATIVADO,-236.545.984,-46.574.174
M.r car,Chuí,Rio Grande do Sul,Brasil,Lojista,ATIVADO,-336.914.865,-534.562.087
Fest car acessórios automotivos,Luziânia,Goiás,Brasil,Lojista,ATIVADO,-161.420.446,-479.386.704
POLIFORT,Juína,Mato Grosso,Brasil,Lojista,ATIVADO,-114.188.689,-58.754.717
Moreira auto peças,Capelinha,Minas Gerais,Brasil,Lojista,ATIVADO,-176.999.061,-42.524.135
Meninão acessórios,Inajá,Pernambuco,Brasil,Lojista,ATIVADO,-88.997.394,-378.322.151
Lusound,Iperó,São Paulo,Brasil,Lojista,ATIVADO,-233.534.729,-477.005.679
AUTO ELÉTRICA LINO,Turmalina,Minas Gerais,Brasil,Lojista,ATIVADO,-188.596.729,-419.824.027
Protecar,Patos de Minas,Minas Gerais,Brasil,Lojista,ATIVADO,-186.056.529,-46.512.067
Lusound,Iperó,São Paulo,Brasil,Lojista,ATIVADO,-233.534.729,-477.005.679
COMERCIAL YPE VALINHOS DE PECAS AUTOMOTIVAS LTDA,Valinhos,São Paulo,Brasil,Lojista,ATIVADO,-22.964.248,-469.831.104
Prime Class,Curitiba,Paraná,Brasil,Distribuidor,ATIVADO,-254.804.172,-492.668.074
Cmp Caetano manutenção mecânica,Campos Dos Goytacazes,Rio de Janeiro,Brasil,Lojista,ATIVADO,-217.254.698,-413.207.506
Gaúcho Auto Car,Itapeva,São Paulo,Brasil,Lojista,ATIVADO,-239.964.349,-488.778.701
PNEUMAXX AUTOCENTER,Fortaleza,Ceará,Brasil,Lojista,ATIVADO,-38.359.482,-385.627.143
Pb acessórios,Governador Valadares,Minas Gerais,Brasil,Distribuidor,ATIVADO,-188.925.117,-419.471.434
Auto Pulse LTDA,Belo Horizonte,Minas Gerais,Brasil,Lojista,ATIVADO,-199.952.284,-44.057.065
Nuty som,Feira de Santana,Bahia,Brasil,Distribuidor,ATIVADO,-122.248.257,-389.835.778
Rozilda Araújo da Câmara Giaretton Eireli,Barreiras,Bahia,Brasil,Lojista,ATIVADO,-121.419.461,-449.714.749
Top sound car Atacadista,Unaí,Minas Gerais,Brasil,Distribuidor,ATIVADO,-163.634.607,-469.014.457
50.644.377 FELIPE SANTIAGO LIMA,Serrinha,Bahia,Brasil,Lojista,ATIVADO,-116.820.366,-389.975.897